slot,name,tone_bytes_hex,volume,bender_dco,bender_vcf,bender_lfo,portamento,key_mode,transpose,master_tune_cents,velocity,unit_character,product_chorus_noise,polyphony,oversample_factor,frames,sample_peak,sample_peak_dbfs,samples_over_0dbfs,max_400ms_stereo_rms,max_400ms_stereo_rms_dbfs,relative_gate_db,gated_windows,total_windows,relative_gated_stereo_rms,relative_gated_stereo_rms_dbfs,corpus_median_gated_rms_dbfs,gated_delta_from_median_db,crest_db,warnings
A11,"Brass Set 1",1431006600230d3a00566c03312d20005111,0.800000012,0.300000012,0.000000000,0.000000000,0.000000000,"Poly 1",0,0.000000000,0.000000000,1.000000000,0.298580378,6,4,1260000,0.265250772,-11.526866861,0,0.063202396,-23.985329164,-43.985329164,196,259,0.019876903,-34.033025749,-31.649175361,-2.383850388,22.506158888,""
A12,"Brass Swell",06300038002b111a00544b40762625465219,0.591000021,0.300000012,0.000000000,0.000000000,0.000000000,"Poly 1",0,0.000000000,0.000000000,1.000000000,0.298580378,6,4,1260000,0.232323065,-12.678153412,0,0.072120964,-22.838769558,-42.838769558,211,259,0.037099425,-28.612656528,-31.649175361,3.036518833,15.934503116,""
A13,"Trumpet",342d086600372218013b7f05423010003209,0.800000012,0.300000012,0.000000000,0.000000000,0.000000000,"Poly 1",0,0.000000000,0.000000000,1.000000000,0.298580378,6,4,1260000,0.176482975,-15.065943654,0,0.042154637,-27.503092932,-47.503092932,204,259,0.014773102,-36.610565872,-31.649175361,-4.961390511,21.544622218,""
A14,"Flutes",3c2b01000037200a0b297f17510012003201,0.800000012,0.300000012,0.000000000,0.000000000,0.000000000,"Poly 1",0,0.000000000,0.000000000,1.000000000,0.298580378,6,4,1260000,0.073738702,-22.646090271,0,0.022802075,-32.840512522,-52.840512522,102,259,0.008603268,-41.306731413,-31.649175361,-9.657556052,18.660641142,""
A15,"Moving Strings",3f000027004d1404006f220d5758230e1a10,0.800000012,0.300000012,0.000000000,0.000000000,0.000000000,"Poly 1",0,0.000000000,0.000000000,1.000000000,0.298580378,6,4,1260000,0.145141989,-16.764138595,0,0.041421316,-27.655522167,-47.655522167,219,259,0.020368458,-33.820836835,-31.649175361,-2.171661474,17.056698240,""
A16,"Brass & Strings",23000038004c110400294e2c42352c174918,0.579999983,0.300000012,0.000000000,0.000000000,0.000000000,"Poly 1",0,0.000000000,0.000000000,1.000000000,0.298580378,6,4,1260000,0.266934246,-11.471914113,0,0.087633553,-21.146591644,-41.146591644,222,259,0.034260742,-29.304064803,-31.649175361,2.345110558,17.832150690,""
A17,"Choir",3b0e0d19003b5e02003e7f440b7f30004a09,0.382999986,0.300000012,0.000000000,0.000000000,0.000000000,"Poly 1",0,0.000000000,0.000000000,1.000000000,0.298580378,6,4,1260000,0.264228463,-11.560408024,0,0.079097948,-22.036695658,-42.036695658,230,259,0.037118943,-28.608087921,-31.649175361,3.041087440,17.047679897,""
A18,"Piano I",1431005000410c0a001b670042001e562a11,0.800000012,0.300000012,0.000000000,0.000000000,0.000000000,"Poly 1",0,0.000000000,0.000000000,1.000000000,0.298580378,6,4,1260000,0.237728521,-12.478374222,0,0.071927887,-22.862053913,-42.862053913,97,259,0.026192153,-31.636575863,-31.649175361,0.012599498,19.158201641,""
A21,"Organ I",360f0035002b4c0e017f64000a520017291c,0.449999988,0.300000012,0.000000000,0.000000000,0.000000000,"Poly 1",0,0.000000000,0.000000000,1.000000000,0.298580378,6,4,1260000,0.195473477,-14.178243228,0,0.061799065,-24.180361905,-44.180361905,219,259,0.036929342,-28.652568601,-31.649175361,2.996606760,14.474325374,""
A22,"Organ II",2c0f003500354c0e01554a000a52003a4a1c,0.546999991,0.300000012,0.000000000,0.000000000,0.000000000,"Poly 1",0,0.000000000,0.000000000,1.000000000,0.298580378,6,4,1260000,0.250042409,-12.039726522,0,0.069395466,-23.173378091,-43.173378091,218,259,0.036929604,-28.652507061,-31.649175361,2.996668300,16.612780539,""
A23,"Combo Organ",4b150939003f4604006d6000302b2e3d2c0d,0.800000012,0.300000012,0.000000000,0.000000000,0.000000000,"Poly 1",0,0.000000000,0.000000000,1.000000000,0.298580378,6,4,1260000,0.201128542,-13.930525874,0,0.064117443,-23.860476140,-43.860476140,216,259,0.031290556,-30.091734284,-31.649175361,1.557441077,16.161208410,""
A24,"Calliope",52280b0000571b11003859077f7f06304a0b,0.768999994,0.300000012,0.000000000,0.000000000,0.000000000,"Poly 1",0,0.000000000,0.000000000,1.000000000,0.298580378,6,4,1260000,0.284256637,-10.925787724,0,0.070074620,-23.088785014,-43.088785014,215,259,0.034113815,-29.341394180,-31.649175361,2.307781181,18.415606456,""
A25,"Donald Pluck",4c1509390049690f004e5202052b0a7f2c07,0.800000012,0.300000012,0.000000000,0.000000000,0.000000000,"Poly 1",0,0.000000000,0.000000000,1.000000000,0.298580378,6,4,1260000,0.156567752,-16.105953660,0,0.048157097,-26.346794098,-46.346794098,216,259,0.022849398,-32.822504602,-31.649175361,-1.173329241,16.716550943,""
A26,"Celeste* (1 oct.up)",1c00000000211836002660002c00510f2c19,0.800000012,0.300000012,0.000000000,0.000000000,0.000000000,"Poly 1",12,0.000000000,0.000000000,1.000000000,0.298580378,6,4,1260000,0.191425979,-14.359982457,0,0.045081984,-26.919939564,-46.919939564,35,259,0.020839601,-33.622212189,-31.649175361,-1.973036828,19.262229732,""
A27,"Elect. Piano I",3b00000000101f3d06237f01552b28002901,0.800000012,0.300000012,0.000000000,0.000000000,0.000000000,"Poly 1",0,0.000000000,0.000000000,1.000000000,0.298580378,6,4,1260000,0.157498568,-16.054467794,0,0.031304667,-30.087818134,-50.087818134,111,259,0.011545201,-38.751969852,-31.649175361,-7.102794491,22.697502058,""
A28,"Elect. Piano II",000000470032450700506600440016004911,0.800000012,0.300000012,0.000000000,0.000000000,0.000000000,"Poly 1",0,0.000000000,0.000000000,1.000000000,0.298580378,6,4,1260000,0.216499895,-13.290846204,0,0.068648211,-23.267415494,-43.267415494,97,259,0.024683948,-32.151707405,-31.649175361,-0.502532044,18.860861200,""
A31,"Clock Chimes* (1 oct. up)",3b000000162c7f00007f68003000337f441b,0.800000012,0.300000012,0.000000000,0.000000000,0.000000000,"Poly 1",12,0.000000000,0.000000000,1.000000000,0.298580378,6,4,1260000,0.169802323,-15.401127454,0,0.038212276,-28.355941780,-48.355941780,60,259,0.015166012,-36.382572360,-31.649175361,-4.733396999,20.981444907,""
A32,"Steel Drums",2135002009472e1a007f7f001a0025214a1b,0.744000018,0.300000012,0.000000000,0.000000000,0.000000000,"Poly 1",0,0.000000000,0.000000000,1.000000000,0.298580378,6,4,1260000,0.420002699,-7.534958377,0,0.071884727,-22.867267388,-42.867267388,28,259,0.037161235,-28.598197284,-31.649175361,3.050978077,21.063238907,""
A33,"Xylophone",00000000001d183600337f001d1d260f2c19,0.800000012,0.300000012,0.000000000,0.000000000,0.000000000,"Poly 1",0,0.000000000,0.000000000,1.000000000,0.298580378,6,4,1260000,0.325484872,-9.749383842,0,0.053143116,-25.491059762,-45.491059762,25,259,0.029140267,-30.710129415,-31.649175361,0.939045946,20.960745573,""
A34,"Brass III",341400230042180b000c7f3a645e25165219,0.393999994,0.300000012,0.000000000,0.000000000,0.000000000,"Poly 1",0,0.000000000,0.000000000,1.000000000,0.298580378,6,4,1260000,0.271204710,-11.334055447,0,0.070871811,-22.990529438,-42.990529438,216,259,0.037345272,-28.555287577,-31.649175361,3.093887784,17.221232130,""
A35,"Fanfare",2f000046002c002000432148684b31325918,0.596000016,0.300000012,0.000000000,0.000000000,0.000000000,"Poly 1",0,0.000000000,0.000000000,1.000000000,0.298580378,6,4,1260000,0.264919341,-11.537726692,0,0.068532587,-23.282057476,-43.282057476,231,259,0.034760019,-29.178399907,-31.649175361,2.470775454,17.640673216,""
A36,"String III",301b006600470e000054493f1f7f2d001a10,0.616999984,0.300000012,0.000000000,0.000000000,0.000000000,"Poly 1",0,0.000000000,0.000000000,1.000000000,0.298580378,6,4,1260000,0.274875641,-11.217274902,0,0.073947154,-22.621570778,-42.621570778,234,259,0.035144948,-29.082741834,-31.649175361,2.566433527,17.865466932,""
A37,"Pizzicato",3c12006600420205002a7f000b000c005a00,0.800000012,0.300000012,0.000000000,0.000000000,0.000000000,"Poly 1",0,0.000000000,0.000000000,1.000000000,0.298580378,6,4,1260000,0.276460469,-11.167339198,0,0.018414824,-34.696648785,-54.696648785,19,259,0.011355032,-38.896232668,-31.649175361,-7.247057307,27.728893470,""
A38,"High Strings",3a0e00660054080200474d122c7f28000c08,0.774999976,0.300000012,0.000000000,0.000000000,0.000000000,"Poly 1",0,0.000000000,0.000000000,1.000000000,0.298580378,6,4,1260000,0.260619730,-11.679854198,0,0.069806662,-23.122062539,-43.122062539,224,259,0.032495928,-29.763421151,-31.649175361,1.885754210,18.083566954,""
A41,"Bass clarinet",342d080000302419083a680b4b0019002911,0.800000012,0.300000012,0.000000000,0.000000000,0.000000000,"Poly 1",0,0.000000000,0.000000000,1.000000000,0.298580378,6,4,1260000,0.172619492,-15.258203325,0,0.057274052,-24.840841873,-44.840841873,114,259,0.020245142,-33.873583401,-31.649175361,-2.224408040,18.615380075,""
A42,"English Horn",2f2d096600463007001b7f08511a10002a01,0.800000012,0.300000012,0.000000000,0.000000000,0.000000000,"Poly 1",0,0.000000000,0.000000000,1.000000000,0.298580378,6,4,1260000,0.130132869,-17.712259915,0,0.030375543,-30.349518934,-50.349518934,144,259,0.009452893,-40.488705594,-31.649175361,-8.839530233,22.776445679,""
A43,"Brass Ensemble",342d0066002e2c1d013b67106761221f5211,0.800000012,0.300000012,0.000000000,0.000000000,0.000000000,"Poly 1",0,0.000000000,0.000000000,1.000000000,0.298580378,6,4,1260000,0.258727968,-11.743132456,0,0.062479596,-24.085235753,-44.085235753,219,259,0.030032930,-30.448045839,-31.649175361,1.201129522,18.704913384,""
A44,"Guitar",563a0041000c0f47001e600034361f003911,0.800000012,0.300000012,0.000000000,0.000000000,0.000000000,"Poly 1",0,0.000000000,0.000000000,1.000000000,0.298580378,6,4,1260000,0.243303150,-12.277045368,0,0.070196294,-23.073716273,-43.073716273,157,259,0.021540522,-33.334875469,-31.649175361,-1.685700108,21.057830100,""
A45,"Koto",5a1c005e00283a1d004b7f00380027024a01,0.800000012,0.300000012,0.000000000,0.000000000,0.000000000,"Poly 1",0,0.000000000,0.000000000,1.000000000,0.298580378,6,4,1260000,0.218034148,-13.229509649,0,0.040443914,-27.862936485,-47.862936485,35,259,0.016595638,-35.600121047,-31.649175361,-3.950945686,22.370611398,""
A46,"Dark Pluck",1f00005700263d1b00475a00340f3f610a19,0.800000012,0.300000012,0.000000000,0.000000000,0.000000000,"Poly 1",0,0.000000000,0.000000000,1.000000000,0.298580378,6,4,1260000,0.344158113,-9.264839763,0,0.088357180,-21.075163023,-41.075163023,165,259,0.029957768,-30.469810834,-31.649175361,1.179364527,21.204971071,""
A47,"Funky I",04000049001f1733002947001e240240591d,0.354000002,0.300000012,0.000000000,0.000000000,0.000000000,"Poly 1",0,0.000000000,0.000000000,1.000000000,0.298580378,6,4,1260000,0.165702388,-15.613424671,0,0.054005690,-25.351209693,-45.351209693,218,259,0.032904388,-29.654923617,-31.649175361,1.994251744,14.041498946,""
A48,"Synth Bass I (unison)",3a1001393220004200234b00220024662919,0.246999994,0.300000012,0.000000000,0.000000000,0.000000000,"Solo Unison",0,0.000000000,0.000000000,1.000000000,0.298580378,6,4,1260000,0.182832718,-14.758921694,0,0.057829540,-24.757005291,-44.757005291,32,259,0.036935198,-28.651191287,-31.649175361,2.997984074,13.892269593,""
A51,"Lead I",4858120000286124003463002d4900002a1d,0.644999981,0.300000012,0.000000000,0.000000000,0.000000000,"Poly 1",0,0.000000000,0.000000000,1.000000000,0.298580378,6,4,1260000,0.227802560,-12.848828004,0,0.071400894,-22.925927017,-42.925927017,218,259,0.037082304,-28.616665898,-31.649175361,3.032509463,15.767837894,""
A52,"Lead II",18580035002d002b00343801175b4b4f3914,0.800000012,0.300000012,0.000000000,0.000000000,0.000000000,"Poly 1",0,0.000000000,0.000000000,1.000000000,0.298580378,6,4,1260000,0.186636344,-14.580075648,0,0.064859421,-23.760538636,-43.760538636,219,259,0.033577971,-29.478910924,-31.649175361,2.170264437,14.898835276,""
A53,"Lead III",56471566003c1f12014c7f0042300b003215,0.800000012,0.300000012,0.000000000,0.000000000,0.000000000,"Poly 1",0,0.000000000,0.000000000,1.000000000,0.298580378,6,4,1260000,0.247885898,-12.114963591,0,0.068855158,-23.241270362,-43.241270362,219,259,0.034705367,-29.192067289,-31.649175361,2.457108072,17.077103697,""
A54,"Funky II",0400003000051751002964001e2702394a15,0.800000012,0.300000012,0.000000000,0.000000000,0.000000000,"Poly 1",0,0.000000000,0.000000000,1.000000000,0.298580378,6,4,1260000,0.363657534,-8.786148209,0,0.066539933,-23.538352793,-43.538352793,66,259,0.024728346,-32.136098701,-31.649175361,-0.486923340,23.349950492,""
A55,"Synth Bass II",5a150000002b002f00004e002509162d311c,0.790000021,0.300000012,0.000000000,0.000000000,0.000000000,"Poly 1",0,0.000000000,0.000000000,1.000000000,0.298580378,6,4,1260000,0.248847365,-12.081339058,0,0.075994849,-22.384316876,-42.384316876,216,259,0.037493760,-28.520820154,-31.649175361,3.128355207,16.439481096,""
A56,"Funky III",040000096526362d000a4f001800027f391d,0.337000012,0.300000012,0.000000000,0.000000000,0.000000000,"Poly 1",0,0.000000000,0.000000000,1.000000000,0.298580378,6,4,1260000,0.155733794,-16.152342721,0,0.060455818,-24.371238007,-44.371238007,182,259,0.035468165,-29.003225652,-31.649175361,2.645949709,12.850882931,""
A57,"Thud Wah",3e000066084e592200006a0000662d201a1a,0.321999997,0.300000012,0.000000000,0.000000000,0.000000000,"Poly 1",0,0.000000000,0.000000000,1.000000000,0.298580378,6,4,1260000,0.233970895,-12.616763258,0,0.072404604,-22.804676302,-42.804676302,247,259,0.034076024,-29.351021591,-31.649175361,2.298153770,16.734258334,""
A58,"Going Up",000000641c4f7f2500414b006c127f002213,0.800000012,0.300000012,0.000000000,0.000000000,0.000000000,"Poly 1",0,0.000000000,0.000000000,1.000000000,0.298580378,6,4,1260000,0.119261466,-18.469997132,0,0.038498465,-28.291131770,-48.291131770,259,259,0.014415078,-36.823659855,-31.649175361,-5.174484494,18.353662723,""
A61,"Piano II",01000048002f002700054e00620020732a10,0.800000012,0.300000012,0.000000000,0.000000000,0.000000000,"Poly 1",0,0.000000000,0.000000000,1.000000000,0.298580378,6,4,1260000,0.224509642,-12.975300071,0,0.075634399,-22.425612839,-42.425612839,154,259,0.026843740,-31.423139609,-31.649175361,0.226035752,18.447839538,""
A62,"Clav",420f016600070b560200780027300e004915,0.759999990,0.300000012,0.000000000,0.000000000,0.000000000,"Poly 1",0,0.000000000,0.000000000,1.000000000,0.298580378,6,4,1260000,0.365566790,-8.740665292,0,0.040968872,-27.750919855,-47.750919855,135,259,0.013566941,-37.350361212,-31.649175361,-5.701185851,28.609695920,""
A63,"Frontier Organ",4f0f03550045360000347f00007f001d2a1c,0.294999987,0.300000012,0.000000000,0.000000000,0.000000000,"Poly 1",0,0.000000000,0.000000000,1.000000000,0.298580378,6,4,1260000,0.227812260,-12.848458136,0,0.073800961,-22.638759706,-42.638759706,215,259,0.036929194,-28.652603350,-31.649175361,2.996572011,15.804145214,""
A64,"Snare Drum (unison)",341b00005b5e0b110000650019001e402211,0.800000012,0.300000012,0.000000000,0.000000000,0.000000000,"Solo Unison",0,0.000000000,0.000000000,1.000000000,0.298580378,6,4,1260000,0.221402362,-13.096355005,0,0.044547216,-27.023588656,-47.023588656,29,259,0.033463926,-29.508462139,-31.649175361,2.140713222,16.412107134,""
A65,"Tom Toms (unison)",3e1008007f350428001565001e0f283a2118,0.611000001,0.300000012,0.000000000,0.000000000,0.000000000,"Solo Unison",0,0.000000000,0.000000000,1.000000000,0.298580378,6,4,1260000,0.417175502,-7.593624064,0,0.134505898,-17.425173462,-37.425173462,211,259,0.037532553,-28.511837848,-31.649175361,3.137337513,20.918213783,""
A66,"Timpani (unison)",000000237f19003600187f01381a472f2111,0.449000001,0.300000012,0.000000000,0.000000000,0.000000000,"Solo Unison",0,0.000000000,0.000000000,1.000000000,0.298580378,6,4,1260000,0.183387473,-14.732606666,0,0.079376287,-22.006184395,-42.006184395,158,259,0.036914207,-28.656129207,-31.649175361,2.993046154,13.923522541,""
A67,"Shaker",1547003a7f592d0111507f0a090000002201,0.800000012,0.300000012,0.000000000,0.000000000,0.000000000,"Poly 1",0,0.000000000,0.000000000,1.000000000,0.298580378,6,4,1260000,0.100356467,-19.969092718,0,0.010004954,-39.995698305,-59.995698305,21,259,0.004677749,-46.599261036,-31.649175361,-14.950085675,26.630168318,""
A68,"Synth Pad",3800052b00250054007f3300554b3e250a18,0.800000012,0.300000012,0.000000000,0.000000000,0.000000000,"Poly 1",0,0.000000000,0.000000000,1.000000000,0.298580378,6,4,1260000,0.299455553,-10.473352573,0,0.087247735,-21.184916733,-41.184916733,243,259,0.037000745,-28.635790606,-31.649175361,3.013384755,18.162438032,""
A71,"Sweep I",4e0000661c732843000061003f7f522a0c12,0.800000012,0.300000012,0.000000000,0.000000000,0.000000000,"Poly 1",0,0.000000000,0.000000000,1.000000000,0.298580378,6,4,1260000,0.214362770,-13.377012780,0,0.055503192,-25.113640800,-45.113640800,244,259,0.025517848,-31.863119159,-31.649175361,-0.213943798,18.486106379,""
A72,"Pluck Sweep",44300044003c6f0906622d005b004d7d1a08,0.800000012,0.300000012,0.000000000,0.000000000,0.000000000,"Poly 1",0,0.000000000,0.000000000,1.000000000,0.298580378,6,4,1260000,0.161024913,-15.862138526,0,0.040365457,-27.879802563,-47.879802563,143,259,0.014374221,-36.848313844,-31.649175361,-5.199138483,20.986175318,""
A73,"Repeater",4d14096500611e380039570e0029002c4a17,0.800000012,0.300000012,0.000000000,0.000000000,0.000000000,"Poly 1",0,0.000000000,0.000000000,1.000000000,0.298580378,6,4,1260000,0.238383070,-12.454491843,0,0.047947466,-26.384686874,-46.384686874,218,259,0.025096845,-32.007617302,-31.649175361,-0.358441941,19.553125458,""
A74,"Sweep II",58480f61004266440046650059354e304a19,0.800000012,0.300000012,0.000000000,0.000000000,0.000000000,"Poly 1",0,0.000000000,0.000000000,1.000000000,0.298580378,6,4,1260000,0.265094995,-11.531969417,0,0.062437657,-24.091068010,-44.091068010,259,259,0.025930184,-31.723888137,-31.649175361,-0.074712776,20.191918719,""
A75,"Pluck Bell",3300051100270031007f3100554b35310c18,0.800000012,0.300000012,0.000000000,0.000000000,0.000000000,"Poly 1",0,0.000000000,0.000000000,1.000000000,0.298580378,6,4,1260000,0.244936600,-12.218926287,0,0.066646721,-23.524424258,-43.524424258,224,259,0.026426842,-31.559094716,-31.649175361,0.090080645,19.340168428,""
A76,"Dark Synth Piano",7f0000000038560600474f002f00327f1a1a,0.529999971,0.300000012,0.000000000,0.000000000,0.000000000,"Poly 1",0,0.000000000,0.000000000,1.000000000,0.298580378,6,4,1260000,0.246509001,-12.163344378,0,0.072088837,-22.842639641,-42.842639641,68,259,0.032312081,-29.812701552,-31.649175361,1.836473809,17.649357174,""
A77,"Sustainer",4700052e00270054007f3900554b46312a18,0.800000012,0.300000012,0.000000000,0.000000000,0.000000000,"Poly 1",0,0.000000000,0.000000000,1.000000000,0.298580378,6,4,1260000,0.260120541,-11.696507033,0,0.074762696,-22.526300961,-42.526300961,252,259,0.030149126,-30.414505406,-31.649175361,1.234669955,18.717998372,""
A78,"Wah Release",590e0119004858130042680054001d570a13,0.649999976,0.300000012,0.000000000,0.000000000,0.000000000,"Poly 1",0,0.000000000,0.000000000,1.000000000,0.298580378,6,4,1260000,0.310428113,-10.160779108,0,0.107678846,-19.357392136,-39.357392136,111,259,0.036931659,-28.652023687,-31.649175361,2.997151674,18.491244579,""
A81,"Gong (play low chords)",7f00006638466b0500485b03307f62004913,0.800000012,0.300000012,0.000000000,0.000000000,0.000000000,"Poly 1",0,0.000000000,0.000000000,1.000000000,0.298580378,6,4,1260000,0.248704523,-12.086326335,0,0.064675314,-23.785229112,-43.785229112,259,259,0.032255578,-29.827903552,-31.649175361,1.821271809,17.741577217,""
A82,"Resonance Funk",3b000000001a7f2d00597f00130016002111,0.800000012,0.300000012,0.000000000,0.000000000,0.000000000,"Poly 1",0,0.000000000,0.000000000,1.000000000,0.298580378,6,4,1260000,0.273207635,-11.270143372,0,0.034163467,-29.328761316,-49.328761316,24,259,0.017291852,-35.243169589,-31.649175361,-3.593994228,23.973026216,""
A83,"Drum Booms* (1 oct. down)",000000667f2a0022003a7f00240f312e2119,0.800000012,0.300000012,0.000000000,0.000000000,0.000000000,"Poly 1",-12,0.000000000,0.000000000,1.000000000,0.298580378,6,4,1260000,0.443363994,-7.064791578,0,0.113733030,-18.882267836,-38.882267836,75,259,0.035887815,-28.901059723,-31.649175361,2.748115638,21.836268145,""
A84,"Dust Storm",000000007f3455002c5e7f585b1c55002111,0.800000012,0.300000012,0.000000000,0.000000000,0.000000000,"Poly 1",0,0.000000000,0.000000000,1.000000000,0.298580378,6,4,1260000,0.022798425,-32.841903250,0,0.006935802,-43.178066106,-63.178066106,225,259,0.002605954,-51.680666386,-31.649175361,-20.031491025,18.838763135,"gated RMS outside corpus median +/-18 dB"
A85,"Rocket Men",082000666149720800387f00597f68002403,0.800000012,0.300000012,0.000000000,0.000000000,0.000000000,"Poly 1",0,0.000000000,0.000000000,1.000000000,0.298580378,6,4,1260000,0.116421103,-18.679365773,0,0.034727296,-29.186580590,-49.186580590,259,259,0.018265290,-34.767468712,-31.649175361,-3.118293351,16.088102939,""
A86,"Hand Claps",3b0000007f11583600377f010b0008002105,0.800000012,0.300000012,0.000000000,0.000000000,0.000000000,"Poly 1",0,0.000000000,0.000000000,1.000000000,0.298580378,6,4,1260000,0.054589942,-25.257747327,0,0.002630804,-51.598231649,-71.598231649,15,259,0.001487532,-56.550674224,-31.649175361,-24.901498863,31.292926898,"gated RMS outside corpus median +/-18 dB"
A87,"FX Sweep",7f4174667f472c53005e7f005e00707f2912,0.800000012,0.300000012,0.000000000,0.000000000,0.000000000,"Poly 1",0,0.000000000,0.000000000,1.000000000,0.298580378,6,4,1260000,0.292727083,-10.670741900,0,0.086223933,-21.287443391,-41.287443391,150,259,0.025985327,-31.705436294,-31.649175361,-0.056260933,21.034694394,""
A88,"Caverns",000000667f44760000456b000d262f002108,0.800000012,0.300000012,0.000000000,0.000000000,0.000000000,"Poly 1",0,0.000000000,0.000000000,1.000000000,0.298580378,6,4,1260000,0.102543429,-19.781843320,0,0.015881315,-35.982270909,-55.982270909,241,259,0.006929493,-43.185970853,-31.649175361,-11.536795492,23.404127533,""
B11,"Strings",392d003700550000006c343b205628001a18,0.639999986,0.300000012,0.000000000,0.000000000,0.000000000,"Poly 1",0,0.000000000,0.000000000,1.000000000,0.298580378,6,4,1260000,0.280675560,-11.035908036,0,0.072029098,-22.849840494,-42.849840494,220,259,0.036326946,-28.795422191,-31.649175361,2.853753170,17.759514154,""
B12,"Violin",422d1400004d000000786e2b2d391a003218,0.800000012,0.300000012,0.000000000,0.000000000,0.000000000,"Poly 1",0,0.000000000,0.000000000,1.000000000,0.298580378,6,4,1260000,0.228494659,-12.822478937,0,0.065962962,-23.613996994,-43.613996994,212,259,0.026116276,-31.661774859,-31.649175361,-0.012599498,18.839295922,""
B13,"Chorus Vibes",482d0000000a003b00175800592f4a004a19,0.591000021,0.300000012,0.000000000,0.000000000,0.000000000,"Poly 1",0,0.000000000,0.000000000,1.000000000,0.298580378,6,4,1260000,0.225545868,-12.935302485,0,0.077869425,-22.172660652,-42.172660652,103,259,0.035853363,-28.909402136,-31.649175361,2.739773225,15.974099652,""
B14,"Organ 1",2d2a0049003c480e007f3a00000000610a1d,0.652999997,0.300000012,0.000000000,0.000000000,0.000000000,"Poly 1",0,0.000000000,0.000000000,1.000000000,0.298580378,6,4,1260000,0.222243756,-13.063408634,0,0.063912381,-23.888300110,-43.888300110,217,259,0.036987334,-28.638939347,-31.649175361,3.010236014,15.575530713,""
B15,"Harpsichord 1",17000036007f7f5a00567d003c001f232c00,0.800000012,0.300000012,0.000000000,0.000000000,0.000000000,"Poly 1",0,0.000000000,0.000000000,1.000000000,0.298580378,6,4,1260000,0.182483748,-14.775516174,0,0.036339835,-28.792341050,-48.792341050,76,259,0.013581379,-37.341122639,-31.649175361,-5.691947278,22.565606465,""
B16,"Recorder",4e0000080006002e007f7f05157f1e002a11,0.800000012,0.300000012,0.000000000,0.000000000,0.000000000,"Poly 1",0,0.000000000,0.000000000,1.000000000,0.298580378,6,4,1260000,0.145905346,-16.718575923,0,0.046602141,-26.631882529,-46.631882529,216,259,0.025525980,-31.860351427,-31.649175361,-0.211176066,15.141775504,""
B17,"Perc. Pluck",3e2608000000005a00494100104e74004a19,0.800000012,0.300000012,0.000000000,0.000000000,0.000000000,"Poly 1",0,0.000000000,0.000000000,1.000000000,0.298580378,6,4,1260000,0.257343322,-11.789741941,0,0.045314233,-26.875307282,-46.875307282,243,259,0.021457960,-33.368231512,-31.649175361,-1.719056151,21.578489571,""
B18,"Noise Sweep",7f0000007f02004d00685c0e4e6c78002118,0.800000012,0.300000012,0.000000000,0.000000000,0.000000000,"Poly 1",0,0.000000000,0.000000000,1.000000000,0.298580378,6,4,1260000,0.070672624,-23.014975693,0,0.018853503,-34.492158830,-54.492158830,174,259,0.007885428,-42.063494400,-31.649175361,-10.414319039,19.048518708,""
B21,"Space Chimes",6300000000467f00004a550019003c004c18,0.800000012,0.300000012,0.000000000,0.000000000,0.000000000,"Poly 1",0,0.000000000,0.000000000,1.000000000,0.298580378,6,4,1260000,0.247848839,-12.116262238,0,0.036062426,-28.858901332,-48.858901332,26,259,0.017782614,-35.000087829,-31.649175361,-3.350912468,22.883825591,""
B22,"Nylon Guitar",482d001d0039001a00197300590020002a01,0.800000012,0.300000012,0.000000000,0.000000000,0.000000000,"Poly 1",0,0.000000000,0.000000000,1.000000000,0.298580378,6,4,1260000,0.167084962,-15.541252709,0,0.042897501,-27.351360127,-47.351360127,103,259,0.015800791,-36.026423386,-31.649175361,-4.377248025,20.485170677,""
B23,"Orchestral Pad",162d0069002100370024001d5832347f1a18,0.800000012,0.300000012,0.000000000,0.000000000,0.000000000,"Poly 1",0,0.000000000,0.000000000,1.000000000,0.298580378,6,4,1260000,0.215322688,-13.338204136,0,0.052840383,-25.540680790,-45.540680790,201,259,0.022069922,-33.123984069,-31.649175361,-1.474808708,19.785779932,""
B24,"Bright Pluck",0000003a0039002800566800192a2c002a11,0.800000012,0.300000012,0.000000000,0.000000000,0.000000000,"Poly 1",0,0.000000000,0.000000000,1.000000000,0.298580378,6,4,1260000,0.283723980,-10.942079127,0,0.041390825,-27.661918367,-47.661918367,228,259,0.013678652,-37.279133967,-31.649175361,-5.629958606,26.337054840,""
B25,"Organ Bell",4e000644003d0000007f3e00007f1a555a19,0.449999988,0.300000012,0.000000000,0.000000000,0.000000000,"Poly 1",0,0.000000000,0.000000000,1.000000000,0.298580378,6,4,1260000,0.201379120,-13.919711211,0,0.064090905,-23.864071905,-43.864071905,220,259,0.037241848,-28.579375509,-31.649175361,3.069799852,14.659664299,""
B26,"Accordion",00000040004d000e004a42080b6e09505a01,0.800000012,0.300000012,0.000000000,0.000000000,0.000000000,"Poly 1",0,0.000000000,0.000000000,1.000000000,0.298580378,6,4,1260000,0.262127191,-11.629758535,0,0.053197692,-25.482144247,-45.482144247,211,259,0.024854869,-32.091770336,-31.649175361,-0.442594975,20.462011801,""
B27,"FX Rise 1",74000000006c7f107f400000007f5400441a,0.800000012,0.300000012,0.000000000,0.000000000,0.000000000,"Poly 1",0,0.000000000,0.000000000,1.000000000,0.298580378,6,4,1260000,0.070556223,-23.029293468,0,0.014168441,-36.973558981,-56.973558981,259,259,0.007390380,-42.626664710,-31.649175361,-10.977489349,19.597371242,""
B28,"FX Rise 2",6c000000005e7f50177f00007f334700021a,0.800000012,0.300000012,0.000000000,0.000000000,0.000000000,"Poly 1",0,0.000000000,0.000000000,1.000000000,0.298580378,6,4,1260000,0.139939219,-17.081211099,0,0.050777209,-25.886623507,-45.886623507,242,259,0.023483178,-32.584862454,-31.649175361,-0.935687093,15.503651354,""
B31,"Brass",337f00490000005e007f48032c330b00521c,0.800000012,0.300000012,0.000000000,0.000000000,0.000000000,"Poly 1",0,0.000000000,0.000000000,1.000000000,0.298580378,6,4,1260000,0.187895775,-14.521659713,0,0.054404850,-25.287247603,-45.287247603,54,259,0.025818953,-31.761227365,-31.649175361,-0.112052004,17.239567652,""
B32,"Helicopter",6a0000300052055d7f00480000234c7f0a1b,0.800000012,0.300000012,0.000000000,0.000000000,0.000000000,"Poly 1",0,0.000000000,0.000000000,1.000000000,0.298580378,6,4,1260000,0.261816919,-11.640045847,0,0.046299876,-26.688403457,-46.688403457,259,259,0.026437567,-31.555570339,-31.649175361,0.093605022,19.915524492,""
B33,"Lute",34000269001d002300567f00302257002a19,0.800000012,0.300000012,0.000000000,0.000000000,0.000000000,"Poly 1",0,0.000000000,0.000000000,1.000000000,0.298580378,6,4,1260000,0.060754988,-24.328361163,0,0.011286937,-38.948478132,-58.948478132,41,259,0.005136496,-45.786660688,-31.649175361,-14.137485327,21.458299525,""
B34,"Chorus Funk",4d5e0049002f223500412a000b22004f5a1d,0.754000008,0.300000012,0.000000000,0.000000000,0.000000000,"Poly 1",0,0.000000000,0.000000000,1.000000000,0.298580378,6,4,1260000,0.218793795,-13.199299995,0,0.062669093,-24.058931805,-44.058931805,218,259,0.035688285,-28.949486347,-31.649175361,2.699689014,15.750186352,""
B35,"Tomita",4e00006900317d0f027f39000e4f0000241f,0.800000012,0.300000012,0.000000000,0.000000000,0.000000000,"Poly 1",0,0.000000000,0.000000000,1.000000000,0.298580378,6,4,1260000,0.156483099,-16.110651241,0,0.051242256,-25.807435184,-45.807435184,219,259,0.029725687,-30.537361910,-31.649175361,1.111813451,14.426710669,""
B36,"FX Sweep 1",7f000000003a7f104c400000007f55004418,0.800000012,0.300000012,0.000000000,0.000000000,0.000000000,"Poly 1",0,0.000000000,0.000000000,1.000000000,0.298580378,6,4,1260000,0.074295580,-22.580740406,0,0.017621101,-35.079339205,-55.079339205,259,259,0.009472560,-40.470652983,-31.649175361,-8.821477622,17.889912577,""
B37,"Sharp Reed",150000490021003500413702127000003c1c,0.765999973,0.300000012,0.000000000,0.000000000,0.000000000,"Poly 1",0,0.000000000,0.000000000,1.000000000,0.298580378,6,4,1260000,0.234415561,-12.600271248,0,0.066723267,-23.514453906,-43.514453906,219,259,0.033954358,-29.382089483,-31.649175361,2.267085878,16.781818236,""
B38,"Bass Pluck",0000003c00251d1c002b5c002a2300003918,0.800000012,0.300000012,0.000000000,0.000000000,0.000000000,"Poly 1",0,0.000000000,0.000000000,1.000000000,0.298580378,6,4,1260000,0.385000616,-8.290771505,0,0.103782905,-19.677483522,-39.677483522,178,259,0.031913932,-29.920393698,-31.649175361,1.728781663,21.629622193,""
B41,"Resonant Rise",34000f0000426b1f00493e0034270000111e,0.800000012,0.300000012,0.000000000,0.000000000,0.000000000,"Poly 1",0,0.000000000,0.000000000,1.000000000,0.298580378,6,4,1260000,0.283144593,-10.959834540,0,0.083526350,-21.563529912,-41.563529912,212,259,0.032934120,-29.647078654,-31.649175361,2.002096707,18.687244114,""
B42,"Harpsichord 2",00000069007f5f00007f6b002d0000233c11,0.800000012,0.300000012,0.000000000,0.000000000,0.000000000,"Poly 1",0,0.000000000,0.000000000,1.000000000,0.298580378,6,4,1260000,0.158850700,-15.980217359,0,0.026912120,-31.401041878,-51.401041878,62,259,0.010522686,-39.557467702,-31.649175361,-7.908292341,23.577250342,""
B43,"Dark Ensemble",0000003900370000006b4315007f234b5a1b,0.523000002,0.300000012,0.000000000,0.000000000,0.000000000,"Poly 1",0,0.000000000,0.000000000,1.000000000,0.298580378,6,4,1260000,0.209529608,-13.575091970,0,0.061470955,-24.226600842,-44.226600842,220,259,0.037194201,-28.590495431,-31.649175361,3.058679930,15.015403461,""
B44,"Contact Wah",4e000051003d652e007f7f00000000002a17,0.356000006,0.300000012,0.000000000,0.000000000,0.000000000,"Poly 1",0,0.000000000,0.000000000,1.000000000,0.298580378,6,4,1260000,0.202650651,-13.865039921,0,0.063103115,-23.998984058,-43.998984058,219,259,0.033296434,-29.552045642,-31.649175361,2.097129719,15.687005721,""
B45,"Noise Sweep 2",7f0000007f7f00530068747f4f1a5300441a,0.800000012,0.300000012,0.000000000,0.000000000,0.000000000,"Poly 1",0,0.000000000,0.000000000,1.000000000,0.298580378,6,4,1260000,0.136079341,-17.324156040,0,0.026376455,-31.575671590,-51.575671590,242,259,0.011523440,-38.768357080,-31.649175361,-7.119181719,21.444201040,""
B46,"Glassy Wah",005e001c0018223d00417006123226002a19,0.800000012,0.300000012,0.000000000,0.000000000,0.000000000,"Poly 1",0,0.000000000,0.000000000,1.000000000,0.298580378,6,4,1260000,0.245599106,-12.195464369,0,0.050683152,-25.902727670,-45.902727670,179,259,0.020683901,-33.687350871,-31.649175361,-2.038175510,21.491886502,""
B47,"Phase Ensemble",0b2d0569004f0000007f63542d3931000a18,0.533999979,0.300000012,0.000000000,0.000000000,0.000000000,"Poly 1",0,0.000000000,0.000000000,1.000000000,0.298580378,6,4,1260000,0.369038731,-8.658561039,0,0.106956513,-19.415855294,-39.415855294,199,259,0.035497606,-28.996018701,-31.649175361,2.653156660,20.337457662,""
B48,"Chorused Bell",000b0069003b7f00007f3e003e0039654c18,0.800000012,0.300000012,0.000000000,0.000000000,0.000000000,"Poly 1",0,0.000000000,0.000000000,1.000000000,0.298580378,6,4,1260000,0.289600879,-10.764002487,0,0.069368929,-23.176700221,-43.176700221,88,259,0.026674754,-31.477991545,-31.649175361,0.171183816,20.713989057,""
B51,"Clav",320b005b0020003f00006c002b3700072909,0.800000012,0.300000012,0.000000000,0.000000000,0.000000000,"Poly 1",0,0.000000000,0.000000000,1.000000000,0.298580378,6,4,1260000,0.195391506,-14.181886396,0,0.034172071,-29.326574026,-49.326574026,183,259,0.009549432,-40.400448871,-31.649175361,-8.751273510,26.218562474,""
B52,"Organ 2",5100006800366a07007f4f0000000000511d,0.759999990,0.300000012,0.000000000,0.000000000,0.000000000,"Poly 1",0,0.000000000,0.000000000,1.000000000,0.298580378,6,4,1260000,0.184341952,-14.687516352,0,0.054358836,-25.294597021,-45.294597021,219,259,0.031555052,-30.018622001,-31.649175361,1.630553360,15.331105649,""
B53,"Bassoon",5426095a0023002b09627f057f6a02002901,0.800000012,0.300000012,0.000000000,0.000000000,0.000000000,"Poly 1",0,0.000000000,0.000000000,1.000000000,0.298580378,6,4,1260000,0.173413232,-15.218355352,0,0.040464761,-27.858460339,-47.858460339,211,259,0.019661045,-34.127867984,-31.649175361,-2.478692623,18.909512632,""
B54,"Auto Release Noise Sweep",7f0000007f7f007f00686b004f395300441a,0.800000012,0.300000012,0.000000000,0.000000000,0.000000000,"Poly 1",0,0.000000000,0.000000000,1.000000000,0.298580378,6,4,1260000,0.080383323,-21.896680871,0,0.015486612,-36.200871616,-56.200871616,227,259,0.006594295,-43.616632274,-31.649175361,-11.967456913,21.719951402,""
B55,"Brass Ensemble",195e0049002f222300412706444326005a18,0.800000012,0.300000012,0.000000000,0.000000000,0.000000000,"Poly 1",0,0.000000000,0.000000000,1.000000000,0.298580378,6,4,1260000,0.188667342,-14.486065376,0,0.049211515,-26.158665278,-46.158665278,219,259,0.023018173,-32.758582894,-31.649175361,-1.109407533,18.272517517,""
B56,"Ethereal",45000069002f7800007f3c5c327f373b1a18,0.786000013,0.300000012,0.000000000,0.000000000,0.000000000,"Poly 1",0,0.000000000,0.000000000,1.000000000,0.298580378,6,4,1260000,0.239598319,-12.410324667,0,0.065521192,-23.672364166,-43.672364166,246,259,0.036916883,-28.655499440,-31.649175361,2.993675921,16.245174773,""
B57,"Chorus Bell 2",482d001d0000663e005a1e00750078005a19,0.800000012,0.300000012,0.000000000,0.000000000,0.000000000,"Poly 1",0,0.000000000,0.000000000,1.000000000,0.298580378,6,4,1260000,0.220148534,-13.145684061,0,0.058402316,-24.671398629,-44.671398629,106,259,0.026670016,-31.479534436,-31.649175361,0.169640925,18.333850375,""
B58,"Blizzard",010000697f38590726797f4e62574e002400,0.800000012,0.300000012,0.000000000,0.000000000,0.000000000,"Poly 1",0,0.000000000,0.000000000,1.000000000,0.298580378,6,4,1260000,0.055805169,-25.066511439,0,0.015713700,-36.074430942,-56.074430942,132,259,0.006497133,-43.745564935,-31.649175361,-12.096389574,18.679053496,""
B61,"E. Piano with Tremolo",2c00001500160023076b6700413c627f2c10,0.800000012,0.300000012,0.000000000,0.000000000,0.000000000,"Poly 1",0,0.000000000,0.000000000,1.000000000,0.298580378,6,4,1260000,0.132244065,-17.572476166,0,0.043667186,-27.196895871,-47.196895871,93,259,0.014510579,-36.766305044,-31.649175361,-5.117129683,19.193828878,""
B62,"Clarinet",451609000023002b076268057f6a07002a01,0.800000012,0.300000012,0.000000000,0.000000000,0.000000000,"Poly 1",0,0.000000000,0.000000000,1.000000000,0.298580378,6,4,1260000,0.163738579,-15.716979682,0,0.043268584,-27.276546433,-47.276546433,207,259,0.020781968,-33.646266392,-31.649175361,-1.997091031,17.929286710,""
B63,"Thunder",7f0000007f02004d00686b00166c78002118,0.800000012,0.300000012,0.000000000,0.000000000,0.000000000,"Poly 1",0,0.000000000,0.000000000,1.000000000,0.298580378,6,4,1260000,0.078426830,-22.110706723,0,0.018269101,-34.765656271,-54.765656271,242,259,0.008046541,-41.887815325,-31.649175361,-10.238639964,19.777108602,""
B64,"Reedy Organ",2312004900210035004145032c6d00002a1c,0.672999978,0.300000012,0.000000000,0.000000000,0.000000000,"Poly 1",0,0.000000000,0.000000000,1.000000000,0.298580378,6,4,1260000,0.237778738,-12.476539640,0,0.070351998,-23.054471235,-43.054471235,219,259,0.036942425,-28.649491886,-31.649175361,2.999683475,16.172952246,""
B65,"Flute / Horn",2200003b0019002a00411615494730001918,0.800000012,0.300000012,0.000000000,0.000000000,0.000000000,"Poly 1",0,0.000000000,0.000000000,1.000000000,0.298580378,6,4,1260000,0.203736782,-13.818611152,0,0.066060859,-23.601115625,-43.601115625,197,259,0.029377587,-30.639677567,-31.649175361,1.009497794,16.821066415,""
B66,"Toy Rhodes",1e2d7f00003a7f00007f6b00590027002400,0.800000012,0.300000012,0.000000000,0.000000000,0.000000000,"Poly 1",0,0.000000000,0.000000000,1.000000000,0.298580378,6,4,1260000,0.115809456,-18.725119605,0,0.040398909,-27.872607160,-47.872607160,112,259,0.015295310,-36.308834130,-31.649175361,-4.659658769,17.583714525,""
B67,"Surf's Up",010000697f540b0031364b21617f7900240a,0.800000012,0.300000012,0.000000000,0.000000000,0.000000000,"Poly 1",0,0.000000000,0.000000000,1.000000000,0.298580378,6,4,1260000,0.071868956,-22.869173266,0,0.016990634,-35.395808529,-55.395808529,229,259,0.006709885,-43.465698381,-31.649175361,-11.816523020,20.596525115,""
B68,"OW Bass",32000032003f5441007f467f006b002f391f,0.616999984,0.300000012,0.000000000,0.000000000,0.000000000,"Poly 1",0,0.000000000,0.000000000,1.000000000,0.298580378,6,4,1260000,0.248600453,-12.089961682,0,0.077513153,-22.212491987,-42.212491987,98,259,0.036079484,-28.854793737,-31.649175361,2.794381624,16.764832056,""
B71,"Piccolo",461c000e0004003f10625710676a15003c09,0.800000012,0.300000012,0.000000000,0.000000000,0.000000000,"Poly 1",0,0.000000000,0.000000000,1.000000000,0.298580378,6,4,1260000,0.145264238,-16.756825787,0,0.051269020,-25.802899649,-45.802899649,195,259,0.016866447,-35.459527862,-31.649175361,-3.810352501,18.702702075,""
B72,"Melodic Taps",630000007f487000007f7f00180018004100,0.800000012,0.300000012,0.000000000,0.000000000,0.000000000,"Poly 1",0,0.000000000,0.000000000,1.000000000,0.298580378,6,4,1260000,0.148801714,-16.547841315,0,0.020530450,-33.752030615,-53.752030615,21,259,0.011299153,-38.939082432,-31.649175361,-7.289907071,22.391241118,""
B73,"Meow Brass",337f0049002d6423004154045a001b00321c,0.800000012,0.300000012,0.000000000,0.000000000,0.000000000,"Poly 1",0,0.000000000,0.000000000,1.000000000,0.298580378,6,4,1260000,0.164743230,-15.663848481,0,0.055631367,-25.093605417,-45.093605417,208,259,0.026880254,-31.411332663,-31.649175361,0.237842698,15.747484182,""
B74,"Violin (high)",472d1600005900000378552b2d391a003418,0.800000012,0.300000012,0.000000000,0.000000000,0.000000000,"Poly 1",0,0.000000000,0.000000000,1.000000000,0.298580378,6,4,1260000,0.130190969,-17.708382844,0,0.041470008,-27.645317627,-47.645317627,209,259,0.014681605,-36.664529472,-31.649175361,-5.015354111,18.956146628,""
B75,"High Bells",1e2d7f00004c7f00007f6f0016343b002400,0.800000012,0.300000012,0.000000000,0.000000000,0.000000000,"Poly 1",0,0.000000000,0.000000000,1.000000000,0.298580378,6,4,1260000,0.204606012,-13.781632209,0,0.039631250,-28.039244625,-48.039244625,250,259,0.016020274,-35.906601475,-31.649175361,-4.257426114,22.124969265,""
B76,"Rolling Wah",24000069003c09007f004d22377f69002a18,0.679000020,0.300000012,0.000000000,0.000000000,0.000000000,"Poly 1",0,0.000000000,0.000000000,1.000000000,0.298580378,6,4,1260000,0.258180261,-11.761539301,0,0.076094173,-22.372971979,-42.372971979,258,259,0.037219730,-28.584535580,-31.649175361,3.064639781,16.822996278,""
B77,"Ping Bell",000b0068004c7f00007f5300171739004c18,0.800000012,0.300000012,0.000000000,0.000000000,0.000000000,"Poly 1",0,0.000000000,0.000000000,1.000000000,0.298580378,6,4,1260000,0.274065614,-11.242909015,0,0.038087666,-28.384312698,-48.384312698,229,259,0.009912266,-40.076540880,-31.649175361,-8.427365519,28.833631865,""
B78,"Brassy Organ",100000440008005700340e00246d00385918,0.750000000,0.300000012,0.000000000,0.000000000,0.000000000,"Poly 1",0,0.000000000,0.000000000,1.000000000,0.298580378,6,4,1260000,0.197347417,-14.095371050,0,0.062163004,-24.129360167,-44.129360167,218,259,0.035035632,-29.109800982,-31.649175361,2.539374379,15.014429933,""
B81,"Low Dark Strings",152d05510047000000672853176d2a001918,0.538999975,0.300000012,0.000000000,0.000000000,0.000000000,"Poly 1",0,0.000000000,0.000000000,1.000000000,0.298580378,6,4,1260000,0.235492632,-12.560453535,0,0.061499540,-24.222562700,-44.222562700,226,259,0.033464441,-29.508328402,-31.649175361,2.140846959,16.947874867,""
B82,"Piccolo Trumpet",337f00490000005e007f61032c330b00321c,0.800000012,0.300000012,0.000000000,0.000000000,0.000000000,"Poly 1",0,0.000000000,0.000000000,1.000000000,0.298580378,6,4,1260000,0.181939423,-14.801463735,0,0.059174280,-24.557340409,-44.557340409,58,259,0.026048305,-31.684410651,-31.649175361,-0.035235290,16.882946916,""
B83,"Cello",392d1500004b0003012d6d30415a22003118,0.612999976,0.300000012,0.000000000,0.000000000,0.000000000,"Poly 1",0,0.000000000,0.000000000,1.000000000,0.298580378,6,4,1260000,0.252208918,-11.964791209,0,0.076739983,-22.299566045,-42.299566045,214,259,0.037271298,-28.572509561,-31.649175361,3.076665800,16.607718352,""
B84,"High Strings",50000a46005c00000047301b393929001c18,0.800000012,0.300000012,0.000000000,0.000000000,0.000000000,"Poly 1",0,0.000000000,0.000000000,1.000000000,0.298580378,6,4,1260000,0.259861797,-11.705151250,0,0.077768740,-22.183898716,-42.183898716,219,259,0.029079110,-30.728377831,-31.649175361,0.920797530,19.023226582,""
B85,"Rocket Men",6c000000006e7f503f7f00007f335900021a,0.800000012,0.300000012,0.000000000,0.000000000,0.000000000,"Poly 1",0,0.000000000,0.000000000,1.000000000,0.298580378,6,4,1260000,0.139671713,-17.097830801,0,0.043617239,-27.206836679,-47.206836679,253,259,0.017806081,-34.988632874,-31.649175361,-3.339457513,17.890802073,""
B86,"Forbidden Planet",320b002c001d0458055f4f0030172a094c01,0.800000012,0.300000012,0.000000000,0.000000000,0.000000000,"Poly 1",0,0.000000000,0.000000000,1.000000000,0.298580378,6,4,1260000,0.187423900,-14.543500598,0,0.043417226,-27.246758511,-47.246758511,47,259,0.018052506,-34.869249940,-31.649175361,-3.220074579,20.325749342,""
B87,"Froggy",4e00000000377f2b007f4d000000007f2917,0.800000012,0.300000012,0.000000000,0.000000000,0.000000000,"Poly 1",0,0.000000000,0.000000000,1.000000000,0.298580378,6,4,1260000,0.231389582,-12.713123963,0,0.061843944,-24.174056485,-44.174056485,219,259,0.032866872,-29.664832542,-31.649175361,1.984342819,16.951708578,""
B88,"Owgan",3200002d00265420007f6500313700383919,0.611000001,0.300000012,0.000000000,0.000000000,0.000000000,"Poly 1",0,0.000000000,0.000000000,1.000000000,0.298580378,6,4,1260000,0.272264987,-11.300164091,0,0.084513247,-21.461504249,-41.461504249,217,259,0.035605605,-28.969632522,-31.649175361,2.679542839,17.669468431,""
